{
    "Arabic": [
        {
            "question": "What is the Arabic word for \"North\"?",
            "correctAnswer": "شمال",
            "options": ["جنوب", "شمال", "شرق"],
            "image":
                "https://media0.giphy.com/media/v1.Y2lkPTc5MGI3NjExdWljNjdwNXFqeW1zMzJ3dW9pdTJ2Y3RkcXp2NncyZjF0djdvdXl1cSZlcD12MV9pbnRlcm5hbF9naWZfYnlfaWQmY3Q9cw/XAxJJFihRVjRxr529J/giphy.gif"
          },
          {
            "question": "What is the Arabic word for \"Strawberry\"?",
            "correctAnswer": "فراولة",
            "options": ["موز", "فراولة", "خيار"],
            "image":
                "https://images.squarespace-cdn.com/content/v1/5b72117a55b02c64155d6f34/1593048849334-FH53710RQVKBOTQ0ULM0/Strawberry.gif"
          },
          {
            "question": "What is the Arabic word for \"Door\"?",
            "correctAnswer": "باب",
            "options": ["مكتب", "لوح", "باب"],
            "image":
                "https://res.cloudinary.com/dflbd2qdv/image/upload/v1710504755/output-onlinegiftools_tmweys.gif"
          },
          {
            "question": "What is the Arabic word for \"Apple\"?",
            "correctAnswer": "تفاحه",
            "options": ["موز", "تفاحه", "خيار"],
            "image":
                "https://i.pinimg.com/originals/bc/ee/06/bcee066611b7943072de7eb3569759d0.gif"
          },
          {
            "question": "What is the Arabic word for \"House\"?",
            "correctAnswer": "بيت",
            "options": ["تلفاز", "بيت", "سياره"],
            "image":
                "https://i.pinimg.com/originals/d3/18/13/d3181322e4522cf897fa8c1a038c6a2d.gif"
          },
          {
            "question": "What is the Arabic word for \"Sun\"?",
            "correctAnswer": "شمس",
            "options": ["شمس", "ابن", "قمر"],
            "image":
                "https://i.pinimg.com/originals/f6/99/45/f6994503c6a4011c2c5149e54f3374a6.gif"
          },
          {
            "question": "What is the Arabic word for \"Banana\"?",
            "correctAnswer": "موز",
            "options": ["موز", "تفاحه", "خيار"],
            "image":
                "https://res.cloudinary.com/dflbd2qdv/image/upload/v1710505556/banana_db9lcf.gif"
          }
    ],
    "Math": [
        {
            "question": "What is 2 + 2?",
            "correctAnswer": "4",
            "options": ["3", "4", "5"]
          },
          {
            "question": "What is 5 * 3?",
            "correctAnswer": "15",
            "options": ["12", "15", "18"]
          },
          {
            "question": "What is 10 - 7?",
            "correctAnswer": "3",
            "options": ["2", "3", "4"]
          },
          {
            "question": "What is 10 - 5?",
            "correctAnswer": "5",
            "options": ["2", "5", "4"]
          },
          {
            "question": "What is 2 + 7?",
            "correctAnswer": "9",
            "options": ["9", "8", "4"]
          },
          {
            "question": "What is 10 + 2?",
            "correctAnswer": "12",
            "options": ["12", "10", "4"]
          },
          {
            "question": "What is 7 * 2?",
            "correctAnswer": "14",
            "options": ["12", "10", "14"]
          },
          {
            "question": "What is 10 * 2?",
            "correctAnswer": "20",
            "options": ["20", "10", "40"]
          }
        
    ],
    "English": [
        {
            "question": "(The Man .... sleeping yesterday )",
            "correctAnswer": "was",
            "options": ["was", "were", "is"],
            "image":
                "https://i.pinimg.com/originals/dc/10/29/dc10295e4b916d403b78ad8b236ebcea.gif"
          },
          {
            "question": "The People .... watching a movie last night?",
            "correctAnswer": "were",
            "options": ["were", "are", "was"],
            "image": "https://www.primogif.com/p/l4xywEDCtJUMu0QZa"
          },
          {
            "question": "What is the English word for \"مدرسه\"?",
            "correctAnswer": "School",
            "options": ["House", "School", "Hospital"],
            "image":
                "https://static.vecteezy.com/system/resources/thumbnails/008/734/924/small_2x/cartoon-group-of-elementary-school-kids-in-the-school-yard-vector.jpg"
          },
          {
            "question": "What is the English word for \"سياره\"?",
            "correctAnswer": "Car",
            "options": ["Car", "Bus", "Train"],
            "image":
                "https://static.vecteezy.com/system/resources/previews/008/387/846/non_2x/smiling-red-car-cartoon-on-white-background-free-vector.jpg"
          },
          {
            "question": "How do you spell number 4 ?",
            "correctAnswer": "four",
            "options": ["fore", "four", "for"],
            "image":
                "https://i.pinimg.com/originals/bf/9b/1a/bf9b1ad61a5361c4997aaf844b783bf7.gif"
          },
          {
            "question": "How do you spell number 3 ?",
            "correctAnswer": "Three",
            "options": ["Three", "There", "Thrie"],
            "image":
                "https://media.baamboozle.com/uploads/images/191394/1631752475_39203_gif-url.gif"
          },
          {
            "question": "How do you spell number 5 ?",
            "correctAnswer": "Five",
            "options": ["Fyfe", "Fife", "Five"],
            "image":
                "https://i.pinimg.com/originals/bc/27/e8/bc27e88914ada8c90c1ff2f0b5f4ff42.gif"
          },
          {
            "question": "Fill the missing letter (..ook)",
            "correctAnswer": "B",
            "options": ["A", "B", "D"],
            "image":
                "https://i.pinimg.com/originals/5b/f0/a3/5bf0a3e0601d35349c5451fa52138ea6.gif"
          },
          {
            "question": "Fill the missing letter (Ba..) ",
            "correctAnswer": "g",
            "options": ["g", "e", "i"],
            "image":
                "https://i.pinimg.com/originals/d2/2e/0b/d22e0be6c71cb2ddde1a4631b5212646.gif"
          }
    ]
  }
  